List of settlements in Berkshire

This is a list of places in the county of Berkshire, in England, by letter:

Aldermaston - 
Aldermaston Wharf - 
Aldworth - 
Arborfield - 
Arborfield and Newland - 
Arborfield Cross - 
Arborfield Garrison - 
Ascot, Berkshire - 
Ashampstead - 
Ashampstead Common - 
Ashford Hill - 
Ashmansworth - 
Ashmore Green - 
Aston, Berkshire - 
Avington

Bagnor - 
Ball Hill - 
Barkham - 
Basildon, Berkshire - 
Beansheaf Farm - 
Beech Hill - 
Beedon - 
Beedon Common - 
Beenham - 
Benham Hill - 
Benham Valence - 
Billingbear - 
Binfield - 
Birch Hill - 
Bisham - 
Bloomfield Hatch - 
Boveney - 
Boxford, Berkshire - 
Boyn Hill - 
Bracknell - 
Bracknell Forest - 
Bradfield, Berkshire - 
Bray Wick - 
Bray, Berkshire - 
Brightwalton - 
Brightwalton Green - 
Brimpton - 
Brimpton Common - 
Britwell - 
Broadmoor - 
Brock Hill - 
Brookside, Berkshire - 
Bucklebury - 
Bullbrook - 
Bulmershe Court - 
Burchett's Green - 
Burchetts Green - 
Burghclere - 
Burghfield - 
Burghfield Bridge - 
Burghfield Common - 
Burghfield Hill - 
Burghfield Lock - 
Burleigh, Berkshire - 
Burnt Hill

Calcot, Berkshire - 
Caleys - 
California, Berkshire - 
Catmore - 
Caversham Heights - 
Caversham Park - 
Caversham, Berkshire - 
Chaddleworth - 
Chalvey - 
Chapel Row - 
Charvil - 
Chavey Down - 
Chazey Heath - 
Cheapside, Berkshire - 
Checkendon - 
Chieveley - 
Chilton - 
Chilton Foliat - 
Cholsey - 
Cippenham - 
Clewer - 
Cockpole Green - 
Cold Ash - 
Cold Ash, Berkshire - 
Coley Park - 
Coley, Berkshire - 
College Town - 
College Town, Berkshire - 
Colnbrook - 
Colthrop - 
Combe, Berkshire - 
Compton, Berkshire - 
Cookham - 
Cookham Dean - 
Cox Green, Berkshire - 
Cranbourne, Berkshire - 
Crazies Hill - 
Crockham Heath - 
Crookham Common - 
Crookham, Berkshire - 
Crosfields School - 
Crown Wood - 
Crowthorne - 
Crux Easton - 
Curridge

Datchet - 
Dedworth - 
Denford Park - 
Donnington, Berkshire - 
Dorney - 
Downend, Berkshire - 
Dunsden

Earley - 
East End - 
East Garston - 
East Ilsley - 
East Shefford - 
East Woodhay - 
Eastbury, Berkshire - 
Easthampstead - 
Easthampstead Park - 
Easton - 
Ecchinswell - 
Eddington - 
Elcot - 
Eling Hermitage - 
Emmbrook, Berkshire - 
Emmer Green - 
Enborne - 
Enborne Row - 
Englefield, Berkshire - 
Eton College - 
Eton Wick - 
Eton, Berkshire

Farley Hill, Berkshire - 
Farley Wood - 
Farnborough, Berkshire - 
Farnham Common - 
Farnham Royal - 
Fawley, Berkshire - 
Fifield, Berkshire - 
Finchampstead - 
Fords Farm - 
Foxhill House - 
Frilsham - 
Fulmer

Gallowstree Common - 
Gardeners Green - 
George Green - 
Goddard's Green, Berkshire - 
Goring - 
Goring Heath - 
Grazeley - 
Grazeley Green - 
Great Shefford - 
Greenham

Halfway, Berkshire - 
Hampstead Norreys - 
Hamstead Marshall - 
Hanworth, Bracknell - 
Hare Hatch - 
Harmans Water - 
Harris Garden - 
Hawthorn Hill, Berkshire - 
Hayley Green - 
Headley - 
Heads Hill - 
Heath End - 
Hedgerley - 
Hell Corner - 
Henwick - 
Hermitage, Berkshire - 
Highclere - 
Hoe Benham - 
Holme Green - 
Holybrook - 
Holyport - 
Home Park, Bracknell - 
Honey Bottom - 
Horncastle, Berkshire - 
Horton, Berkshire - 
Hungerford - 
Hungerford Newtown - 
Hungerford Park - 
Hunts Green - 
Hurley, Berkshire - 
Hurst, Berkshire - 
Hyde End, Berkshire

Inkpen -
Inkpen Common

Jealott's Hill

Kidmore End - 
Kiln Green - 
Kintbury - 
Kintbury Holt - 
Knowl Hill - 
Knowl Hill, Berkshire

Lambourn - 
Lambourn Woodlands - 
Lambrook Haileybury - 
Lands End - 
Langley, Slough - 
Lawrence Hill, Bracknell Forest - 
Leckhampstead Thicket - 
Leckhampstead, Berkshire - 
Leverton - 
Leverton (Hungerford) - 
Little Heath, Berkshire - 
Little Sandhurst - 
Littlecote - 
Littlewick Green - 
Lower Basildon - 
Lower Denford - 
Lower Earley - 
Lower Padworth

Maidenhead - 
Maidens Green - 
Marlston Hermitage - 
Marsh Benham - 
Martins Heron - 
Midgham - 
Midgham Green - 
Mortimer Common - 
Mortimer West End - 
Mortimer, Berkshire - 
Moss End - 
Moulsford

Newbury, Berkshire - 
Newell Green - 
Newtown - 
North Ascot - 
North End - 
North Standen - 
Nuptown

Oakley Green - 
Oare, Berkshire - 
Odney - 
Old Burghclere - 
Old Windsor - 
Owlsmoor - 
Ownham

Padworth - 
Padworth Common - 
Paley Street - 
Pangbourne - 
Peasemore - 
Pingewood - 
Pinkneys Green - 
Playhatch - 
Popeswood - 
Poyle - 
Priestwood - 
Purley-on-Thames

Quelm Park

Radley - 
Ravenswood, Berkshire - 
Reading, Berkshire - 
Remenham - 
Riseley, Berkshire - 
Ruscombe - 
Ryeish Green

Salters Steamers - 
Sandford - 
Sandhurst - 
Shaw-cum-Donnington - 
Shaw, Berkshire - 
Sheffield Bottom - 
Shefford Woodlands - 
Shinfield - 
Shottesbrooke - 
Shurlock Row - 
Silchester - 
Sindlesham - 
Slough - 
Snelsmore - 
Snelsmore Common - 
Sonning - 
Sonning Common - 
Sonning Eye - 
South Ascot - 
South Fawley - 
South Stoke - 
Southcote, Berkshire - 
Southend, Berkshire - 
Speen, Berkshire - 
Speenhamland - 
Spencers Wood - 
Stanford Dingley - 
Stanmore - 
Stanmore, Berkshire - 
Stockcross - 
Stoke Poges - 
Stratfield Mortimer - 
Stratfield Saye - 
Streatley, Berkshire - 
Stubbings - 
Sulham - 
Sulhamstead - 
Sulhamstead Abbots - 
Sunningdale - 
Sunninghill, Berkshire - 
Swallowfield - 
Swinley Forest - 
Taplow - 
Temple Park - 
Thatcham - 
The Warren, Bracknell Forest - 
Theale, Berkshire - 
Three Mile Cross - 
Tidmarsh - 
Tidmarsh with Sulham - 
Tilehurst - 
Touchen End - 
Tutts Clump - 
Twyford, Berkshire

Ufton Green - 
Ufton Nervet - 
Upper Basildon - 
Upper Bucklebury - 
Upper Culham - 
Upper Denford - 
Upper Eddington - 
Upper Lambourn - 
Upper Woolhampton - 
Upton, Slough

Walbury Hill - 
Waltham St Lawrence - 
Waltham St. Lawrence - 
Warfield - 
Warfield Park - 
Wargrave - 
Warren Row - 
Wash Common - 
Wash Water - 
Wasing - 
Water Oakley - 
Welford Park - 
Welford, Berkshire - 
West Ilsley - 
West Woodhay - 
Westbrook - 
Weston, Berkshire - 
Wexham - 
Whistley Green - 
White Waltham - 
Whitegrove - 
Whitley Wood - 
Whitley, Berkshire - 
Wick Hill, Bracknell - 
Wickham Heath - 
Wickham, Berkshire - 
Wildridings - 
Windsor, Berkshire - 
Winkfield - 
Winkfield Row - 
Winkfield Street - 
Winnersh - 
Winterbourne, Berkshire - 
Wokefield - 
Wokefield Green - 
Wokefield Park - 
Wokingham - 
Wokingham Without - 
Woodcote - 
Wooden Hill - 
Woodlands St Mary - 
Woodley - 
Woodside, Berkshire - 
Woodspeen - 
Woolhampton - 
Woosehill - 
World's End, Berkshire - 
Wraysbury

Yattendon


